id,title,mode,answer,artistName,hint1,hint2,hint3,remixUrl,originalSnippetUrl,,
1,SDB - 38 Special,In the style of…,38 Special,38 Special,"Southern Rock, but the rock has been polished",You can HOLD ON to this groove,…...loosely,https://www.dropbox.com/scl/fi/6eqhk6x1i5g15ymo0rgcn/SDB-38-Special.mp3?rlkey=uoox765cejngib33n1lpyuaib&st=77ytwxv4&raw=1,./SDB/Same%20Damn%20Band%20-%20Original.mp3,,https://www.dropbox.com/scl/fi/6eqhk6x1i5g15ymo0rgcn/SDB-38-Special.mp3?rlkey=uoox765cejngib33n1lpyuaib&st=77ytwxv4&raw=1
2,SDB - ACDC,In the style of…,AC/DC,AC/DC,Singer gargles with gravel,Chorus sounds like thunder,….struck,https://www.dropbox.com/scl/fi/oznz7ap7905095y03gqa6/SDB-ACDC.mp3?rlkey=nojjx9mhca9zcg3f4qcu0cdod&st=ngjbidtm&raw=1,./SDB/Same%20Damn%20Band%20-%20Original.mp3,,https://www.dropbox.com/scl/fi/oznz7ap7905095y03gqa6/SDB-ACDC.mp3?rlkey=nojjx9mhca9zcg3f4qcu0cdod&st=ngjbidtm&raw=1
3,SDB - Aerosmith,In the style of…,Aerosmith,Aerosmith,AI got this wrong…mostly,Rock legends - without the voice,The writing is the constant.,https://www.dropbox.com/scl/fi/52j38m5nnxpyxit5jviix/SDB-Aerosmith.mp3?rlkey=k799qmrek215eq3a6jkovptha&st=6ktr4kqq&raw=1,./SDB/Same%20Damn%20Band%20-%20Original.mp3,,https://www.dropbox.com/scl/fi/52j38m5nnxpyxit5jviix/SDB-Aerosmith.mp3?rlkey=k799qmrek215eq3a6jkovptha&st=6ktr4kqq&raw=1
4,SDB - The Allman Brothers Band,In the style of…,The Allman Brothers Band,The Allman Brothers Band,There's some dirt on these roots,Wait until Midnight and I'll Tell you,If you don't know - just ramble on man.,https://www.dropbox.com/scl/fi/xw3lnt89no7920ivw1jxj/SDB-The-Allman-Brother-Band.mp3?rlkey=a4kau4mnj1kmoucaa1sgxcv5g&st=4q2o7xut&raw=1,./SDB/Same%20Damn%20Band%20-%20Original.mp3,,https://www.dropbox.com/scl/fi/xw3lnt89no7920ivw1jxj/SDB-The-Allman-Brother-Band.mp3?rlkey=a4kau4mnj1kmoucaa1sgxcv5g&st=4q2o7xut&raw=1
5,SDB - Barry Manilow,In the style of…,Barry Manilow,Barry Manilow,This pop is silky.,Looks like you made it.,I mean - we wrote the song,https://www.dropbox.com/scl/fi/quz1ee09x9utgozjjxhtn/SDB-Barry-Manilow.mp3?rlkey=932dz31ac8g1s61efh2r80haq&st=qy5vzd92&raw=1,./SDB/Same%20Damn%20Band%20-%20Original.mp3,,https://www.dropbox.com/scl/fi/quz1ee09x9utgozjjxhtn/SDB-Barry-Manilow.mp3?rlkey=932dz31ac8g1s61efh2r80haq&st=qy5vzd92&raw=1
6,SDB - The Beach Boys,In the style of…,The Beach Boys,The Beach Boys,I already have sand in my buttcrack,Those harmonies give me some good vibrations,Wouldn't it be nice to listen to this on the beach?,https://www.dropbox.com/scl/fi/qtjo9n0ga9tw8waz0mhq2/SDB-The-Beach-Boys.mp3?rlkey=iiwgewcn8jjy45e6go6j2spkj&st=sn3402ok&raw=1,./SDB/Same%20Damn%20Band%20-%20Original.mp3,,https://www.dropbox.com/scl/fi/qtjo9n0ga9tw8waz0mhq2/SDB-The-Beach-Boys.mp3?rlkey=iiwgewcn8jjy45e6go6j2spkj&st=sn3402ok&raw=1
7,SDB - Beastie Boys,In the style of…,Beastie Boys,Beastie Boys,White boys have some attitude,AI sabatoged this a little,I'll fight for my right to listen to this,https://www.dropbox.com/scl/fi/zxftbv0s3kus5qckjdw4f/SDB-Beastie-Boys.mp3?rlkey=97hl1bf6ohi2gwu5oruveo1er&st=1ytkp13e&raw=1,./SDB/Same%20Damn%20Band%20-%20Original.mp3,,https://www.dropbox.com/scl/fi/zxftbv0s3kus5qckjdw4f/SDB-Beastie-Boys.mp3?rlkey=97hl1bf6ohi2gwu5oruveo1er&st=1ytkp13e&raw=1
8,SDB - Beatles,In the style of…,The Beatles,The Beatles,This guy is a radio punk.,These guys used to rock.  This is soft,I guessed this song yesterday.,https://www.dropbox.com/scl/fi/vcfjdx1j6eqvs4dwjsev5/SDB-The-Beatles.mp3?rlkey=96syj4q0cmy1ofmkpxdp29uq5&st=447c3s8h&raw=1,./SDB/Same%20Damn%20Band%20-%20Original.mp3,,https://www.dropbox.com/scl/fi/vcfjdx1j6eqvs4dwjsev5/SDB-The-Beatles.mp3?rlkey=96syj4q0cmy1ofmkpxdp29uq5&st=447c3s8h&raw=1
9,SDB - Bill Haley and the Comets,In the style of…,50's Rock & Roll,Bill Haley & the Comets (50s),Should be on Happy Days,Not your parents music,Maybe your grandparents though,https://www.dropbox.com/scl/fi/80mvez0pv2mxv1z5081o8/SDB-Bill-Haley-and-the-Comets.mp3?rlkey=onnflx8slnpc5082ppam1r1sy&st=4iak61ha&raw=1,./SDB/Same%20Damn%20Band%20-%20Original.mp3,,https://www.dropbox.com/scl/fi/80mvez0pv2mxv1z5081o8/SDB-Bill-Haley-and-the-Comets.mp3?rlkey=onnflx8slnpc5082ppam1r1sy&st=4iak61ha&raw=1
10,SDB - Asia,In the style of…,Asia,Asia,Don't be conservative - be progressive,There should be a lot more keyboards,Only time will tell who this is,https://www.dropbox.com/scl/fi/qhahbgzpl0162o09592jm/SDB-Asia.mp3?rlkey=0gspe7iweuddieukag4ui0q9z&st=b4gvv60i&raw=1,./SDB/Same%20Damn%20Band%20-%20Original.mp3,,https://www.dropbox.com/scl/fi/qhahbgzpl0162o09592jm/SDB-Asia.mp3?rlkey=0gspe7iweuddieukag4ui0q9z&st=b4gvv60i&raw=1
11,SDB - Bee Gees,In the style of…,The Bee Gees,The Bee Gees,That lead singers voice should be higher,Listen to those brothers harmonize!,Just stay alive and disco.,https://www.dropbox.com/scl/fi/9joz2yiqkm5usj7g77mbo/SDB-The-Bee-Gees.mp3?rlkey=vvtjh8mrlga8acav0h50p8a6v&st=la77de4g&raw=1,./SDB/Same%20Damn%20Band%20-%20Original.mp3,,https://www.dropbox.com/scl/fi/9joz2yiqkm5usj7g77mbo/SDB-The-Bee-Gees.mp3?rlkey=vvtjh8mrlga8acav0h50p8a6v&st=la77de4g&raw=1
12,SDB - Billy Idol,In the style of…,Billy Idol,Billy Idol,This guy is a punk on the radio,It's a nice day for a - guess,Such a rebel.   Just wish he'd quit yelling,https://www.dropbox.com/scl/fi/kfea4lpkg8qfu1ahvk6al/SDB-Billy-Idol.mp3?rlkey=gzmyzv9u2naj5aviu6n0da0nf&st=uoda1bbv&raw=1,./SDB/Same%20Damn%20Band%20-%20Original.mp3,,https://www.dropbox.com/scl/fi/kfea4lpkg8qfu1ahvk6al/SDB-Billy-Idol.mp3?rlkey=gzmyzv9u2naj5aviu6n0da0nf&st=uoda1bbv&raw=1
13,SDB - Billy Joel,In the style of…,Billy Joel,Billy Joel,This isn't as intimate as it could be,Just listen to that piano….,….man,https://www.dropbox.com/scl/fi/gkk8j676e16ugr45ovmsp/SDB-Billy-Joel.mp3?rlkey=2mngggdqws2i3tbzrgis4gmkm&st=6gplgn3b&raw=1,./SDB/Same%20Damn%20Band%20-%20Original.mp3,,https://www.dropbox.com/scl/fi/gkk8j676e16ugr45ovmsp/SDB-Billy-Joel.mp3?rlkey=2mngggdqws2i3tbzrgis4gmkm&st=6gplgn3b&raw=1
14,SDB - Billy Squier,In the style of…,Billy Squier,Billy Squier,80's punch.   You won't get this though,Nobody wants you to.,Couldn't even get it in the dark.,https://www.dropbox.com/scl/fi/t9fuoo69957qn7y2vq157/SDB-Billy-Squier.mp3?rlkey=m279ep07i9hnesk1dmksqbsnf&st=lr3a0ge9&raw=1,./SDB/Same%20Damn%20Band%20-%20Original.mp3,,https://www.dropbox.com/scl/fi/t9fuoo69957qn7y2vq157/SDB-Billy-Squier.mp3?rlkey=m279ep07i9hnesk1dmksqbsnf&st=lr3a0ge9&raw=1
15,SDB - Blink 182,In the style of…,Blink 182,Blink 182,Get these kids off my radio!,There are a lot of reasons you should get this.  More than 180 of them.,The small things are why you know it.,https://www.dropbox.com/scl/fi/942fgrbw00dgkapbl895t/SDB-Blink-182.mp3?rlkey=qx4mdwfnvdr1ma6cz9gb9xfkg&st=t4zba2iz&raw=1,./SDB/Same%20Damn%20Band%20-%20Original.mp3,,https://www.dropbox.com/scl/fi/942fgrbw00dgkapbl895t/SDB-Blink-182.mp3?rlkey=qx4mdwfnvdr1ma6cz9gb9xfkg&st=t4zba2iz&raw=1
16,SDB - Bob Dylan,In the style of…,Bob Dylan,Bob Dylan,Easy one.  Harmonica?,Voice is wrong - but the folk-strum is a give-a-way,The answer my friend - is blowing in the…...wind.,https://www.dropbox.com/scl/fi/8lbuq64alngx4q8i8oxaa/SDB-Bob-Dylan.mp3?rlkey=q9lwv3xk5vevbnk5obpc7sgpt&st=zhfg3p0q&raw=1,./SDB/Same%20Damn%20Band%20-%20Original.mp3,,https://www.dropbox.com/scl/fi/8lbuq64alngx4q8i8oxaa/SDB-Bob-Dylan.mp3?rlkey=q9lwv3xk5vevbnk5obpc7sgpt&st=zhfg3p0q&raw=1
17,SDB - Bob Segar,In the style of…,Bob Segar,Bob Segar,Late night road trip!  Like the rest,Let me take the records off the shelf…..,You're guessing against the wind.,https://www.dropbox.com/scl/fi/you46g0hg6cfbk1cayyj9/SDB-Bob-Segar.mp3?rlkey=07vc40hdiiwvnnsr9187ydjpg&st=7jp7ae2c&raw=1,./SDB/Same%20Damn%20Band%20-%20Original.mp3,,https://www.dropbox.com/scl/fi/you46g0hg6cfbk1cayyj9/SDB-Bob-Segar.mp3?rlkey=07vc40hdiiwvnnsr9187ydjpg&st=7jp7ae2c&raw=1
18,SDB - Bon Jovi,In the style of…,Bon Jovi,Bon Jovi,"It belongs in an arena, doesn't it?",Singalong with that guitar…..and a prayer? ,If you don't know it - this game is a bad name.,https://www.dropbox.com/scl/fi/2gg1umwvyzj90n18l78jh/SDB-Bon-Jovi.mp3?rlkey=sc79bibkuzje81c94quiidox6&st=gnfigsq4&raw=1,./SDB/Same%20Damn%20Band%20-%20Original.mp3,,https://www.dropbox.com/scl/fi/2gg1umwvyzj90n18l78jh/SDB-Bon-Jovi.mp3?rlkey=sc79bibkuzje81c94quiidox6&st=gnfigsq4&raw=1
19,SDB - Boston,In the style of…,Boston,Boston,This band is bigger than this version,If you can't get it - ask Amanda,This version is less than a feeling.,https://www.dropbox.com/scl/fi/a0271va7h2wb8wui8dvnv/SDB-Boston.mp3?rlkey=92zbg8nhivuus0s547ihj0tsb&st=h3x1iknp&raw=1,./SDB/Same%20Damn%20Band%20-%20Original.mp3,,https://www.dropbox.com/scl/fi/a0271va7h2wb8wui8dvnv/SDB-Boston.mp3?rlkey=92zbg8nhivuus0s547ihj0tsb&st=h3x1iknp&raw=1
20,SDB - Bruce Springsteen,In the style of…,Bruce Springsteen,Bruce Springsteen,C'mon.   Easy-street on this one.,"Sax, crowd?   Where were you born?",….in the USA or on the run?,https://www.dropbox.com/scl/fi/zlmqvuhuo67lzvz80efvp/SDB-Bruce-Springsteen.mp3?rlkey=3z6s4xfsod9ph3ev3ofgvw24q&st=4wc5sbx9&raw=1,./SDB/Same%20Damn%20Band%20-%20Original.mp3,,https://www.dropbox.com/scl/fi/zlmqvuhuo67lzvz80efvp/SDB-Bruce-Springsteen.mp3?rlkey=3z6s4xfsod9ph3ev3ofgvw24q&st=4wc5sbx9&raw=1
21,SDB - Bruno Mars,In the style of…,Bruno Mars,Bruno Mars,Retro-funk.,Dressed in 24 karat gold.,Ain't got it by now?  Just watch,https://www.dropbox.com/scl/fi/7pptvztk67i7hmpm2slhj/SDB-Bruno-Mars.mp3?rlkey=iby8cl20wbor3lmkoebuteekb&st=tsu9i5ej&raw=1,./SDB/Same%20Damn%20Band%20-%20Original.mp3,,https://www.dropbox.com/scl/fi/7pptvztk67i7hmpm2slhj/SDB-Bruno-Mars.mp3?rlkey=iby8cl20wbor3lmkoebuteekb&st=tsu9i5ej&raw=1
22,SDB - Bryan Adams,In the style of…,Bryan Adams,Bryan Adams,AI missed the voice.   Not heavenly at all,Should have more rasp.  It should cut….,….like a knife.,https://www.dropbox.com/scl/fi/1c64qu5ib77v8vrl0ba6i/SDB-Bryan-Adams.mp3?rlkey=kjjk3mc9jnlo4kkvp4mq3615t&st=66ze0qjw&raw=1,./SDB/Same%20Damn%20Band%20-%20Original.mp3,,https://www.dropbox.com/scl/fi/1c64qu5ib77v8vrl0ba6i/SDB-Bryan-Adams.mp3?rlkey=kjjk3mc9jnlo4kkvp4mq3615t&st=66ze0qjw&raw=1
23,SDB - Creedence Clearwater Revival,In the style of…,Creedence Clearwater Revival,Creedence Clearwater Revival,AI didn't put enough swamp on it,This is bad.   Like a moon.,If you got this - your fortunate…....son.,https://www.dropbox.com/scl/fi/ax5judf4mq3qy5epfbos5/SDB-Creedence-Clearwater-Revival.mp3?rlkey=588d28s1x86s7p9bdpxhcrqi5&st=cos8cv5a&raw=1,./SDB/Same%20Damn%20Band%20-%20Original.mp3,,https://www.dropbox.com/scl/fi/ax5judf4mq3qy5epfbos5/SDB-Creedence-Clearwater-Revival.mp3?rlkey=588d28s1x86s7p9bdpxhcrqi5&st=cos8cv5a&raw=1
24,SDB - The Charlie Daniels Band,In the style of…,The Charlie Daniels Band,The Charlie Daniels Band,…..when the fiddle kicks in…,I mean…...the fiddle,If we were in Georgia you'd get it.,https://www.dropbox.com/scl/fi/kyxfdhxhh9d4vh9k94oea/SDB-The-Charlie-Daniels-Band.mp3?rlkey=58olaoygwr53fs8nvkncm0uie&st=ydxon34y&raw=1,./SDB/Same%20Damn%20Band%20-%20Original.mp3,,https://www.dropbox.com/scl/fi/kyxfdhxhh9d4vh9k94oea/SDB-The-Charlie-Daniels-Band.mp3?rlkey=58olaoygwr53fs8nvkncm0uie&st=ydxon34y&raw=1
25,SDB - Cheap Trick,In the style of…,Cheap Trick,Cheap Trick,Close.  Call the police.  This one is tough,I want you to guess it.  Do you want me to get it?,I surrender.  ,https://www.dropbox.com/scl/fi/1blvy8q8pzj63aivjobdq/SDB-Cheap-Trick.mp3?rlkey=6z9q5ccxn0s1geu11gnyynja7&st=xqcwizy0&raw=1,./SDB/Same%20Damn%20Band%20-%20Original.mp3,,https://www.dropbox.com/scl/fi/1blvy8q8pzj63aivjobdq/SDB-Cheap-Trick.mp3?rlkey=6z9q5ccxn0s1geu11gnyynja7&st=xqcwizy0&raw=1
26,SDB - Coldplay,In the style of…,Coldplay,Coldplay,Stadiums singing along?  Yeah.,The songs blooms like a flower.  What color is the flower?,The flower is Yellow.  Of course it is.,https://www.dropbox.com/scl/fi/k3m16aiffcldv1ekvs13v/SDB-Coldplay.mp3?rlkey=sg7amk2eniayk80nkpalz87z7&st=m5jx9y30&raw=1,./SDB/Same%20Damn%20Band%20-%20Original.mp3,,https://www.dropbox.com/scl/fi/k3m16aiffcldv1ekvs13v/SDB-Coldplay.mp3?rlkey=sg7amk2eniayk80nkpalz87z7&st=m5jx9y30&raw=1
27,SDB - Van Halen (David Lee Roth Era),In the style of…,Van Halen (David Lee Roth Era),Van Halen (David Lee Roth Era),The singer's attitude.  Not the voice.,That guitar?  And the singer sounds like a ringmaster,If you don't know - Jump.,https://www.dropbox.com/scl/fi/mkwe0y6h6amceb8s30bnk/SDB-Van-Halen-David-Lee-Roth-Era.mp3?rlkey=q260ljhwtuujcmol6u95zhb52&st=rzoqxqir&raw=1,./SDB/Same%20Damn%20Band%20-%20Original.mp3,,https://www.dropbox.com/scl/fi/mkwe0y6h6amceb8s30bnk/SDB-Van-Halen-David-Lee-Roth-Era.mp3?rlkey=q260ljhwtuujcmol6u95zhb52&st=rzoqxqir&raw=1
28,SDB - Def Leppard,In the style of…,Def Leppard,Def Leppard,AI can't match this voice - but the vibe?,I LOVE this.   It doesn't BITE.,Take a photograph.  Then you'll know.,https://www.dropbox.com/scl/fi/q0wf6rpbqi6uyk8rusese/SDB-Def-Leppard.mp3?rlkey=lqt9vsxlr5ravhlc3ji4fmjbl&st=wrw1ccsk&raw=1,./SDB/Same%20Damn%20Band%20-%20Original.mp3,,https://www.dropbox.com/scl/fi/q0wf6rpbqi6uyk8rusese/SDB-Def-Leppard.mp3?rlkey=lqt9vsxlr5ravhlc3ji4fmjbl&st=wrw1ccsk&raw=1
29,SDB - Dire Straits,In the style of…,Dire Straits,Dire Straits,Laid-back roots rock with a bluesy edge.  Doesn't sound like it much though,This ain't working…..that's the way you do it.,I wouldn't pay money for this for nothin!,https://www.dropbox.com/scl/fi/sj0jaxtq5rcwkfb4s1h9o/SDB-Dire-Straits.mp3?rlkey=3u4b1kuc5ex9fla5uv2pi01oo&st=9dwh15vu&raw=1,./SDB/Same%20Damn%20Band%20-%20Original.mp3,,https://www.dropbox.com/scl/fi/sj0jaxtq5rcwkfb4s1h9o/SDB-Dire-Straits.mp3?rlkey=3u4b1kuc5ex9fla5uv2pi01oo&st=9dwh15vu&raw=1
30,SDB - Disturbed,In the style of…,Disturbed,Disturbed,"Aggressive, Industrial, and a voice",Ohh-wah-ah-ah-ah,This song is like a sickness.,https://www.dropbox.com/scl/fi/c70loxtoctnhbo8kqwyun/SDB-Disturbed.mp3?rlkey=uxj8uuy98yygee7lde1zvmqb2&st=0qoc765g&raw=1,./SDB/Same%20Damn%20Band%20-%20Original.mp3,,https://www.dropbox.com/scl/fi/c70loxtoctnhbo8kqwyun/SDB-Disturbed.mp3?rlkey=uxj8uuy98yygee7lde1zvmqb2&st=0qoc765g&raw=1
31,SDB - Eagles,In the style of…,Eagles,Eagles,Is it rock or country?  I guess it depends when.,If you don't know just check out.   Anytime,…butyou can never leave,https://www.dropbox.com/scl/fi/nn4stjz8txzpnpvb25831/SDB-Eagles.mp3?rlkey=sosfjkm8z93cp8s214u8k9g12&st=3y4nip0r&raw=1,./SDB/Same%20Damn%20Band%20-%20Original.mp3,,https://www.dropbox.com/scl/fi/nn4stjz8txzpnpvb25831/SDB-Eagles.mp3?rlkey=sosfjkm8z93cp8s214u8k9g12&st=3y4nip0r&raw=1
32,SDB - Eddie Money,In the style of…,Eddie Money,Eddie Money,Blue-collar punch.  ,Get it and you get two tickets,….to paradise,https://www.dropbox.com/scl/fi/2i7nseugiito2t6k7atrz/SDB-Eddie-Money.mp3?rlkey=rju701jojektgmibawdtw9jgj&st=jmm9wpvh&raw=1,./SDB/Same%20Damn%20Band%20-%20Original.mp3,,https://www.dropbox.com/scl/fi/2i7nseugiito2t6k7atrz/SDB-Eddie-Money.mp3?rlkey=rju701jojektgmibawdtw9jgj&st=jmm9wpvh&raw=1
33,SDB - Electric Light Orchestra,In the style of…,Electic Light Orchestra,Electic Light Orchestra,It's Orchestral pop-rock.  The melody is off here.,This version just brings me down.,I'm gonna go out side and look at some blue sky…..mister,https://www.dropbox.com/scl/fi/xzlj7p5752qu0w83opkl9/SDB-Electric-Light-Orchestra.mp3?rlkey=teo1ftjca1yth9yr227jt55cv&st=4ikjc4q1&raw=1,./SDB/Same%20Damn%20Band%20-%20Original.mp3,,https://www.dropbox.com/scl/fi/xzlj7p5752qu0w83opkl9/SDB-Electric-Light-Orchestra.mp3?rlkey=teo1ftjca1yth9yr227jt55cv&st=4ikjc4q1&raw=1
34,ESB - Elvis Presley,In the style of…,Elvis Presley,Elvis Presley,The voice is wrong.  So this is impossible.,This version is such a dog.  What kind of dog?,Yeah I can't help it.   I'm gonna go fall in love somewhere else,https://www.dropbox.com/scl/fi/jtbj0wu8e0vndkhhczrsx/SDB-Elvis-Presley.mp3?rlkey=tf33zmmfnogig18l5gta6xmt1&st=w3rt438q&raw=1,./SDB/Same%20Damn%20Band%20-%20Original.mp3,,https://www.dropbox.com/scl/fi/jtbj0wu8e0vndkhhczrsx/SDB-Elvis-Presley.mp3?rlkey=tf33zmmfnogig18l5gta6xmt1&st=w3rt438q&raw=1
35,SDB - Eminem,In the style of…,Eminem,Eminem,You have one chance to guess it.,Don't lose yourself trying to figure it out.,Just stand up.   The real you needs to stand up.,https://www.dropbox.com/scl/fi/2cj78sfjkgnmuwyw9r6e6/SDB-Eminem.mp3?rlkey=mglblbhktzum4360miq431mt3&st=ewdjtgo7&raw=1,./SDB/Same%20Damn%20Band%20-%20Original.mp3,,https://www.dropbox.com/scl/fi/2cj78sfjkgnmuwyw9r6e6/SDB-Eminem.mp3?rlkey=mglblbhktzum4360miq431mt3&st=ewdjtgo7&raw=1
36,SDB - Extreme,In the style of…,Extreme,Extreme,Oooo….that guitar.  Funky!,If you don't like what you see here….,Then I have no words.  You'll need more.,https://www.dropbox.com/scl/fi/zx051j3xrylh370wcxgc1/SDB-Extreme.mp3?rlkey=vjbjsufu67l7rzmmv2vxboukm&st=s6wi9mmc&raw=1,./SDB/Same%20Damn%20Band%20-%20Original.mp3,,https://www.dropbox.com/scl/fi/zx051j3xrylh370wcxgc1/SDB-Extreme.mp3?rlkey=vjbjsufu67l7rzmmv2vxboukm&st=s6wi9mmc&raw=1
37,SDB - Fleetwood Mac,In the style of…,Fleetwood Mac,Fleetwood Mac,A female singing? Don't be playin!,"This is hard, but people everywhere know it.",The answer should come to you in a landslide.,https://www.dropbox.com/scl/fi/pex8m1fqcrw5dsqjxnkgl/SDB-Fleetwood-Mac.mp3?rlkey=8g9fv5mklzjy5diew6ufz1eou&st=52d5qaj8&raw=1,./SDB/Same%20Damn%20Band%20-%20Original.mp3,,https://www.dropbox.com/scl/fi/pex8m1fqcrw5dsqjxnkgl/SDB-Fleetwood-Mac.mp3?rlkey=8g9fv5mklzjy5diew6ufz1eou&st=52d5qaj8&raw=1
38,SDB - Foo Fighters,In the style of…,Foo Fighters,Foo Fighters,Starts slow….climbs….Then drops….then explodes,Don't let this one get to you.  At least the best of you.,If you get it….you'll be my hero.,https://www.dropbox.com/scl/fi/259n34q5o6g1k3p96ztjd/SDB-Foo-Fighters.mp3?rlkey=41wj6n28vkbmozcxoz6cu902c&st=10yq37i5&raw=1,./SDB/Same%20Damn%20Band%20-%20Original.mp3,,https://www.dropbox.com/scl/fi/259n34q5o6g1k3p96ztjd/SDB-Foo-Fighters.mp3?rlkey=41wj6n28vkbmozcxoz6cu902c&st=10yq37i5&raw=1
39,SDB - Frank Sinatra,In the style of…,Frank Sinatra,Frank Sinatra,C'monnnn.   I need a drink and a smoke,Listen to this one in New York.  Can't miss.,We wrote this damn song.   We did it our way.,https://www.dropbox.com/scl/fi/89h355ko9pl2v4whmhvnh/SDB-Frank-Sinatra.mp3?rlkey=eqlk7hl37f2ciz3hkfgywibw7&st=3r81grg8&raw=1,./SDB/Same%20Damn%20Band%20-%20Original.mp3,,https://www.dropbox.com/scl/fi/89h355ko9pl2v4whmhvnh/SDB-Frank-Sinatra.mp3?rlkey=eqlk7hl37f2ciz3hkfgywibw7&st=3r81grg8&raw=1
40,SDB - Garth Brooks,In the style of…,Garth Brooks,Garth Brooks,Arena.  Country.  Violin. Voice is different. ,The 90s called.   And it's shamless what they said.,Listen.  Hear it? The thunder?  It's rolling.,https://www.dropbox.com/scl/fi/yyxjuxy7gc4411qavcax2/SDB-Garth-Brooks.mp3?rlkey=5n72omd02ih5k59dxafx7woic&st=45k8gyg3&raw=1,./SDB/Same%20Damn%20Band%20-%20Original.mp3,,https://www.dropbox.com/scl/fi/yyxjuxy7gc4411qavcax2/SDB-Garth-Brooks.mp3?rlkey=5n72omd02ih5k59dxafx7woic&st=45k8gyg3&raw=1
41,SDB - Genesis,In the style of…,Genesis,Genesis,Voice is wrong.   But the prog rock vibe exist,I can dance to this.  But I shouldn't be able to.,The touch of this one is almost invisible.,https://www.dropbox.com/scl/fi/t8t0qj5ua38at2jkdu2xz/SDB-Genesis.mp3?rlkey=jpvy3aeqomkxtdhydp2oy08g8&st=10ciztd8&raw=1,./SDB/Same%20Damn%20Band%20-%20Original.mp3,,https://www.dropbox.com/scl/fi/t8t0qj5ua38at2jkdu2xz/SDB-Genesis.mp3?rlkey=jpvy3aeqomkxtdhydp2oy08g8&st=10ciztd8&raw=1
42,SDB - The Grateful Dead,In the style of…,The Greatful Dead,The Greatful Dead,Somebody get me a joint and a festival!,This is a long strange trip of a version.,I'm grateful that this sounds so good.,https://www.dropbox.com/scl/fi/lom6y7rtelnv23zpzrs1m/SDB-The-Grateful-Dead.mp3?rlkey=yhvgo8baxca6vpgw52l11qnhi&st=ku3erpim&raw=1,./SDB/Same%20Damn%20Band%20-%20Original.mp3,,https://www.dropbox.com/scl/fi/lom6y7rtelnv23zpzrs1m/SDB-The-Grateful-Dead.mp3?rlkey=yhvgo8baxca6vpgw52l11qnhi&st=ku3erpim&raw=1
43,SDB - Green Day,In the style of…,Green Day,Green Day,Catchy Punk?   ,"October 1st, you can wake up.",Guessing shouldn't make you a basket case.,https://www.dropbox.com/scl/fi/bcuvs72lp6h9tnx1m3yke/SDB-Green-Day.mp3?rlkey=7r7y5rh4wwbuvqjz158j3fuo2&st=1zifxars&raw=1,./SDB/Same%20Damn%20Band%20-%20Original.mp3,,https://www.dropbox.com/scl/fi/bcuvs72lp6h9tnx1m3yke/SDB-Green-Day.mp3?rlkey=7r7y5rh4wwbuvqjz158j3fuo2&st=1zifxars&raw=1
44,SDB - Guns N Roses,In the style of…,Guns N Roses,Guns N Roses,Hard to re-create the voice.  But the guitar?,Welcome to the guessing game.   Needs more screeching,Where do we go now?   WHERE DO WE GO?,https://www.dropbox.com/scl/fi/sibzeg3nk698o9k8at3f6/SDB-Guns-N-Roses.mp3?rlkey=il5zeokwdf848kbqt6aq37tao&st=mkp9jip6&raw=1,./SDB/Same%20Damn%20Band%20-%20Original.mp3,,https://www.dropbox.com/scl/fi/sibzeg3nk698o9k8at3f6/SDB-Guns-N-Roses.mp3?rlkey=il5zeokwdf848kbqt6aq37tao&st=mkp9jip6&raw=1
45,SDB - Hootie and the Blowfish,In the style of…,Hootie and the Blowfish,Hootie and the Blowfish,This isn't hard.   Don't cry.  Give it time.,Do you want me to hold you hand?  Listen to the groove,I only wanna be with someone who can guess it.,https://www.dropbox.com/scl/fi/50fzngt01jl33ypdn04ac/SDB-Hootie-and-the-Blowfish.mp3?rlkey=nvzphhi0bh2nib5mj0hrcmlgj&st=q9792lsn&raw=1,./SDB/Same%20Damn%20Band%20-%20Original.mp3,,https://www.dropbox.com/scl/fi/50fzngt01jl33ypdn04ac/SDB-Hootie-and-the-Blowfish.mp3?rlkey=nvzphhi0bh2nib5mj0hrcmlgj&st=q9792lsn&raw=1
46,SDB - Huey Lewis and the News,In the style of…,Huey Lewis and the News,Huey Lewis and the News,I got news for ya - this one is easy.,It's hip to guess it.,Do you believe in anything?,https://www.dropbox.com/scl/fi/vok6wzcerep5byc2eb013/SDB-Huey-Lewis-and-the-NEws.mp3?rlkey=b3poljp61ygn2d92y7db3xvx9&st=cmjmsk7e&raw=1,./SDB/Same%20Damn%20Band%20-%20Original.mp3,,https://www.dropbox.com/scl/fi/vok6wzcerep5byc2eb013/SDB-Huey-Lewis-and-the-NEws.mp3?rlkey=b3poljp61ygn2d92y7db3xvx9&st=cmjmsk7e&raw=1
47,SDB - INXS,In the style of…,INXS,INXS,"Sleek, groove-driven rock with a new wave edge.",That's what its supposed to be.   It’s a new sensation.,If you don't know - don't let it tear you apart.,https://www.dropbox.com/scl/fi/2sfrccqlg5ls03x6nohsn/SDB-INXS.mp3?rlkey=hrx8pz99lk1go479if83kcxhn&st=vhgpomxj&raw=1,./SDB/Same%20Damn%20Band%20-%20Original.mp3,,https://www.dropbox.com/scl/fi/2sfrccqlg5ls03x6nohsn/SDB-INXS.mp3?rlkey=hrx8pz99lk1go479if83kcxhn&st=vhgpomxj&raw=1
48,SDB - Iron Maiden,In the style of…,Iron Maiden,Iron Maiden,You should know in the first 2 seconds,Seriously - Be a trooper and guess it!,If you don't know - I'm running.   To the hills.,https://www.dropbox.com/scl/fi/xisojqs5voeude5egcr2i/SDB-Iron-Maiden-1.mp3?rlkey=xj3lzo99lta6a6azgg7ckrppd&st=tf2034nz&raw=1,./SDB/Same%20Damn%20Band%20-%20Original.mp3,,https://www.dropbox.com/scl/fi/xisojqs5voeude5egcr2i/SDB-Iron-Maiden-1.mp3?rlkey=xj3lzo99lta6a6azgg7ckrppd&st=tf2034nz&raw=1
49,SDB - Iron Maiden,In the style of…,Iron Maiden,Iron Maiden,You should know in the first 2 seconds,Seriously - Be a trooper and guess it!,If you don't know - I'm running.   To the hills.,https://www.dropbox.com/scl/fi/lmgm1dpa7j2zu7m5dgj2x/SDB-Iron-Maiden-2.mp3?rlkey=cu0jd8galfg75shlbuyu2jz39&st=n7izv36s&raw=1,./SDB/Same%20Damn%20Band%20-%20Original.mp3,,https://www.dropbox.com/scl/fi/lmgm1dpa7j2zu7m5dgj2x/SDB-Iron-Maiden-2.mp3?rlkey=cu0jd8galfg75shlbuyu2jz39&st=n7izv36s&raw=1
50,SDB - J. Giels Band,In the style of…,J. Giels Band,J. Giels Band,Bluesy bar-band that you can dance to.,If you don't get it - it'll stink….yeah yeah.,"If you don't know, freeze-frame and check the centerfold.",https://www.dropbox.com/scl/fi/uydjk4dv7atufwnwrddty/SDB-J.-Giels-Band.mp3?rlkey=p13gau4yxx4441ih9zkacweo4&st=gsyzsfuz&raw=1,./SDB/Same%20Damn%20Band%20-%20Original.mp3,,https://www.dropbox.com/scl/fi/uydjk4dv7atufwnwrddty/SDB-J.-Giels-Band.mp3?rlkey=p13gau4yxx4441ih9zkacweo4&st=gsyzsfuz&raw=1
51,SDB - Jimi Hendrix,In the style of…,Jimi Hendrix,Jimi Hendrix,The guitar.   Only one like that.,Scuse me…. While I guess this style,It smells purple in here.   In a haze.,https://www.dropbox.com/scl/fi/bos8x47awszlqet7cuqy5/SDB-Jimi-Hendrix.mp3?rlkey=0vdl0cpbgmiem2p8z5y397yk3&st=l2iy4uv3&raw=1,./SDB/Same%20Damn%20Band%20-%20Original.mp3,,https://www.dropbox.com/scl/fi/bos8x47awszlqet7cuqy5/SDB-Jimi-Hendrix.mp3?rlkey=0vdl0cpbgmiem2p8z5y397yk3&st=l2iy4uv3&raw=1
52,SDB - Jimmy Buffet,In the style of…,Jimmy Buffet,Jimmy Buffet,"If I was any more laid back, I'd be sleeping",If you miss this… there's a woman to blame.,Drink a maragria or something.,https://www.dropbox.com/scl/fi/mnzmzopor5jnaag8copuz/SDB-Jimmy-Buffet.mp3?rlkey=ls4qtf9g4bfs10wmax7emmzug&st=wecthnol&raw=1,./SDB/Same%20Damn%20Band%20-%20Original.mp3,,https://www.dropbox.com/scl/fi/mnzmzopor5jnaag8copuz/SDB-Jimmy-Buffet.mp3?rlkey=ls4qtf9g4bfs10wmax7emmzug&st=wecthnol&raw=1
53,SDB - Joan Jett,In the style of…,Joan Jett,Joan Jett,Easy?  I think so.  All that attitude,I don't give a damn about my guess.,I love this version…..and rock and roll.,https://www.dropbox.com/scl/fi/57ti6lyecl38law2rjqng/SDB-Joan-Jett.mp3?rlkey=nq7pmzuog3x9n1xwx75jolyud&st=2zf2gfbj&raw=1,./SDB/Same%20Damn%20Band%20-%20Original.mp3,,https://www.dropbox.com/scl/fi/57ti6lyecl38law2rjqng/SDB-Joan-Jett.mp3?rlkey=nq7pmzuog3x9n1xwx75jolyud&st=2zf2gfbj&raw=1
54,SDB - John Cougar,In the style of…,John Cougar,John Cougar,"Heartland, small-town rock",SUCK ON A CHILI DOG if you don't get it,just do the best you can.  ,https://www.dropbox.com/scl/fi/p5jf7sx4tb6l2mkrgu0bc/SDB-John-Cougar.mp3?rlkey=u3zzb2nlrjeszdparxm67y52d&st=4ajvydzn&raw=1,./SDB/Same%20Damn%20Band%20-%20Original.mp3,,https://www.dropbox.com/scl/fi/p5jf7sx4tb6l2mkrgu0bc/SDB-John-Cougar.mp3?rlkey=u3zzb2nlrjeszdparxm67y52d&st=4ajvydzn&raw=1
55,SDB - Johnny Cash,In the style of…,Johnny Cash,Johnny Cash,Dark.  Stripped-down.  That voice.,Not the best - but not every song walks that line.,"If this song was a color, it would be wearing black.",https://www.dropbox.com/scl/fi/lfrqoelkthjsn6wai878s/SDB-Johnny-Cash.mp3?rlkey=mxyu8z5lf86jwqj9rpahr8u1c&st=ixo5lxw0&raw=1,./SDB/Same%20Damn%20Band%20-%20Original.mp3,,https://www.dropbox.com/scl/fi/lfrqoelkthjsn6wai878s/SDB-Johnny-Cash.mp3?rlkey=mxyu8z5lf86jwqj9rpahr8u1c&st=ixo5lxw0&raw=1
56,SDB - Jounrney,In the style of…,Journey,Journey,No.  AI isn't matching the real voice on this,Melodic arena rock.  You gotta work hrd to get this fill.,Don't stop believing that you can guess it.,https://www.dropbox.com/scl/fi/4rup9nwdote9ega6wi5mh/SDB-Journey.mp3?rlkey=m4us67djaf03s6tzd958k2vft&st=21kwtwlg&raw=1,./SDB/Same%20Damn%20Band%20-%20Original.mp3,,https://www.dropbox.com/scl/fi/4rup9nwdote9ega6wi5mh/SDB-Journey.mp3?rlkey=m4us67djaf03s6tzd958k2vft&st=21kwtwlg&raw=1
57,SDB - Kenny Loggins,In the style of…,Kenny Loggins,Kenny Loggins,Tough one.  This is dangrous.,Just meet me halfway on this and you'll hear it.,Let your feet get loose.,https://www.dropbox.com/scl/fi/qbtpyd67ip203ixmq7o0g/SDB-Kenny-Loggins.mp3?rlkey=cwd03fumowdhz0sa70y8va3ed&st=jm9scr8m&raw=1,./SDB/Same%20Damn%20Band%20-%20Original.mp3,,https://www.dropbox.com/scl/fi/qbtpyd67ip203ixmq7o0g/SDB-Kenny-Loggins.mp3?rlkey=cwd03fumowdhz0sa70y8va3ed&st=jm9scr8m&raw=1
58,SDB - KISS,In the style of…,KISS,KISS,Hard rock.  And it's a SHOW (cue the explosion),The makup budget for this song is high,I could play this game all day.  And do something else tonight.,https://www.dropbox.com/scl/fi/de8px7245dxdzsfdrh955/SDB-KISS.mp3?rlkey=uqy2mwidljfwo37cr4oarlmo2&st=2c47roki&raw=1,./SDB/Same%20Damn%20Band%20-%20Original.mp3,,https://www.dropbox.com/scl/fi/de8px7245dxdzsfdrh955/SDB-KISS.mp3?rlkey=uqy2mwidljfwo37cr4oarlmo2&st=2c47roki&raw=1
59,SDB - Korn,In the style of…,Korn,Korn,"Dark, Heavy, aggressive, downturned",Let this take a part of you….something lost?,Put a leash on it and it's easy to find.,https://www.dropbox.com/scl/fi/qhyi4vg7rg8o37nv4kbl7/SDB-Korn.mp3?rlkey=9gh703skcnu2cw6k2pmy1cfuh&st=xutl88pa&raw=1,./SDB/Same%20Damn%20Band%20-%20Original.mp3,,https://www.dropbox.com/scl/fi/qhyi4vg7rg8o37nv4kbl7/SDB-Korn.mp3?rlkey=9gh703skcnu2cw6k2pmy1cfuh&st=xutl88pa&raw=1
60,SDB - Led Zepplin,In the style of…,Led Zepplin,Led Zepplin,Classic.  Big real voices are hard for AL,Blues with pauses and big vocals.  ,Take the stairs all the way up.   That's what it is.,https://www.dropbox.com/scl/fi/8j4scc6lg6nn0pl10q4o0/SDB-Led-Zepplin.mp3?rlkey=fbk24h05dnffvmwihl8eyavqe&st=s5cxfn29&raw=1,./SDB/Same%20Damn%20Band%20-%20Original.mp3,,https://www.dropbox.com/scl/fi/8j4scc6lg6nn0pl10q4o0/SDB-Led-Zepplin.mp3?rlkey=fbk24h05dnffvmwihl8eyavqe&st=s5cxfn29&raw=1
61,SDB - Little Richard,In the style of…,Little Richard,Little Richard,"Piano?  Voice a bit off.  A little more""pale"" than it should be",The piano narrows it down to 2 or 3. ,Wait till the end.  The adlib at the end is obvious,https://www.dropbox.com/scl/fi/q39fh5o7x7mphwphks36x/SDB-Little-Richard.mp3?rlkey=i1li5g22nlc8ucnkdiz7d0bto&st=tg08wlbg&raw=1,./SDB/Same%20Damn%20Band%20-%20Original.mp3,,https://www.dropbox.com/scl/fi/q39fh5o7x7mphwphks36x/SDB-Little-Richard.mp3?rlkey=i1li5g22nlc8ucnkdiz7d0bto&st=tg08wlbg&raw=1
62,SDB - Marshall Tucker Band,In the style of…,Marshall Tucker Band,Marshall Tucker Band,A FLUTE HAS ENTERED THE ARENA!,Southern flue at that. ,Can't you see the flute?,https://www.dropbox.com/scl/fi/44fgue2w33z37bn3u2e8j/SDB-Marshall-Tucker.mp3?rlkey=ucxroqcml032q6z7n9xtrnjhp&st=ru3lf85y&raw=1,./SDB/Same%20Damn%20Band%20-%20Original.mp3,,https://www.dropbox.com/scl/fi/44fgue2w33z37bn3u2e8j/SDB-Marshall-Tucker.mp3?rlkey=ucxroqcml032q6z7n9xtrnjhp&st=ru3lf85y&raw=1
63,SDB - Meat Loaf,In the style of…,Meat Loaf,Meat Loaf,One of the BEST VERSIONS.  A whole production!,Do anything to guess this song….but don't do that.,I'm hungry.  What's for dinner?,https://www.dropbox.com/scl/fi/dc4w5oxizw9m4xel9qmlt/SDB-Meat-Loaf.mp3?rlkey=9q8awiblw0clqhno02zidwfnu&st=dw0rivfi&raw=1,./SDB/Same%20Damn%20Band%20-%20Original.mp3,,https://www.dropbox.com/scl/fi/dc4w5oxizw9m4xel9qmlt/SDB-Meat-Loaf.mp3?rlkey=9q8awiblw0clqhno02zidwfnu&st=dw0rivfi&raw=1
64,SDB - Metallica,In the style of…,Metallica,Metallica,Aggressive AND controlled?  ,Seek the answer.  Destroy this version!,I'm sleepy.  I'll grip my pillow tight.,https://www.dropbox.com/scl/fi/oi9mub9tpx8xv7lawlyuk/SDB-Metallica.mp3?rlkey=gb60azmxxwbjcb1l1cu5lwg22&st=1zm68f9o&raw=1,./SDB/Same%20Damn%20Band%20-%20Original.mp3,,https://www.dropbox.com/scl/fi/oi9mub9tpx8xv7lawlyuk/SDB-Metallica.mp3?rlkey=gb60azmxxwbjcb1l1cu5lwg22&st=1zm68f9o&raw=1
65,SDB - Michael Jackson,In the style of…,Michael Jackson,Michael Jackson,EEE-eee-EEEasy.,It'd be thrilling if you already knew it.,Not to smooth if you don't know.  It'd be criminal.,https://www.dropbox.com/scl/fi/46yfl5c12jp7jlfqz66e1/SDB-Michael-Jackson.mp3?rlkey=p9qm3u6njehqr7e9w2n41x4wp&st=c4qc9210&raw=1,./SDB/Same%20Damn%20Band%20-%20Original.mp3,,https://www.dropbox.com/scl/fi/46yfl5c12jp7jlfqz66e1/SDB-Michael-Jackson.mp3?rlkey=p9qm3u6njehqr7e9w2n41x4wp&st=c4qc9210&raw=1
66,SDB - Motley Crue,In the style of…,Motley Crue,Motley Crue,Glam metal.  Voice on this should be higher,Girls like this.  Girls know this.  Girls get this.,Kickstart it.,https://www.dropbox.com/scl/fi/8ilureh3ipjtgtmxc6syo/SDB-Motley-Crue.mp3?rlkey=aat0t2per7s7iitugfaymopnh&st=au7fepkq&raw=1,./SDB/Same%20Damn%20Band%20-%20Original.mp3,,https://www.dropbox.com/scl/fi/8ilureh3ipjtgtmxc6syo/SDB-Motley-Crue.mp3?rlkey=aat0t2per7s7iitugfaymopnh&st=au7fepkq&raw=1
67,SDB - Night Ranger,In the style of…,Night Ranger,Night Ranger,Melodic 80's arena rock.   With emotion.,Close your eyes.   Dream about the band.,Your sister would get this one.,https://www.dropbox.com/scl/fi/eqvcvxooke4tmnv6wbbba/SDB-Night-Ranger.mp3?rlkey=valnfa9imue4kzur3ms715k52&st=cn8db9jb&raw=1,./SDB/Same%20Damn%20Band%20-%20Original.mp3,,https://www.dropbox.com/scl/fi/eqvcvxooke4tmnv6wbbba/SDB-Night-Ranger.mp3?rlkey=valnfa9imue4kzur3ms715k52&st=cn8db9jb&raw=1
68,SDB - Nine Inch Nails,In the style of…,Nine Inch Nails,Nine Inch Nails,Same Industrial rock with whispers?  Easy,You feel it?  Where do you feel it?  ,Get closer.,https://www.dropbox.com/scl/fi/p8nl5ue12jbsqtf5l53j8/SDB-Nine-Inch-Nails.mp3?rlkey=q6alfalx1g39yc9byi965zq0p&st=sbz6ymgj&raw=1,./SDB/Same%20Damn%20Band%20-%20Original.mp3,,https://www.dropbox.com/scl/fi/p8nl5ue12jbsqtf5l53j8/SDB-Nine-Inch-Nails.mp3?rlkey=q6alfalx1g39yc9byi965zq0p&st=sbz6ymgj&raw=1
69,SDB - Nirvana,In the style of…,Nirvana,Nirvana,Grunge.   The end.  Got it.  Know it.,You smell that?  Smells like something.,Come as you are… as you were.,https://www.dropbox.com/scl/fi/mqr49uph8jfnh0r6lhmf4/SDB-Nirvana.mp3?rlkey=j0ptbdt0seqqyaucwpfc6nirw&st=e2l0klzg&raw=1,./SDB/Same%20Damn%20Band%20-%20Original.mp3,,https://www.dropbox.com/scl/fi/mqr49uph8jfnh0r6lhmf4/SDB-Nirvana.mp3?rlkey=j0ptbdt0seqqyaucwpfc6nirw&st=e2l0klzg&raw=1
70,SDB - No Doubt,In the style of…,No Doubt,No Doubt,Should be a girl singing only.  But that ska?,Just a girl.  What in the world?,Don't speak about it.   Guess and move on.,https://www.dropbox.com/scl/fi/kxsx2do47gtqy6auxrcep/SDB-No-Doubt.mp3?rlkey=73gbsqfbaljvgodxy38dw4s36&st=h7bsl8wu&raw=1,./SDB/Same%20Damn%20Band%20-%20Original.mp3,,https://www.dropbox.com/scl/fi/kxsx2do47gtqy6auxrcep/SDB-No-Doubt.mp3?rlkey=73gbsqfbaljvgodxy38dw4s36&st=h7bsl8wu&raw=1
71,SDB - Ozzy Osbourne,In the style of…,Ozzy Osbourne,Ozzy Osbourne,Wrong voice.   But the real voice confuses AI.,It's crazy though.   Off the rails,The prince would not approve of this version.,https://www.dropbox.com/scl/fi/yy0bf5hcpoyhfux2k9nve/SDB-Ozzy-Osbourne.mp3?rlkey=6ecurna3x23581frs9uitpgnz&st=oj90923t&raw=1,./SDB/Same%20Damn%20Band%20-%20Original.mp3,,https://www.dropbox.com/scl/fi/yy0bf5hcpoyhfux2k9nve/SDB-Ozzy-Osbourne.mp3?rlkey=6ecurna3x23581frs9uitpgnz&st=oj90923t&raw=1
72,SDB - Pearl Jam,In the style of…,Pearl Jam,Pearl Jam,Grungy with more emotion?  ,"If I don't guess it, amI still alive?",This is MY JAM!,https://www.dropbox.com/scl/fi/tm0iaklmh2uxkrte9q68g/SDB-Pearl-Jam.mp3?rlkey=f7f1o93plm3kxdglkrvbpj2lc&st=5bbox3gm&raw=1,./SDB/Same%20Damn%20Band%20-%20Original.mp3,,https://www.dropbox.com/scl/fi/tm0iaklmh2uxkrte9q68g/SDB-Pearl-Jam.mp3?rlkey=f7f1o93plm3kxdglkrvbpj2lc&st=5bbox3gm&raw=1
73,SDB - Peter Gabriel,In the style of…,Peter Gabriel,Peter Gabriel,Is that an African beat in my pop song?,Look in my eyes.  Then you'll get it.,This song hits like a certain kind of hammer.,https://www.dropbox.com/scl/fi/r2eq3gnfp2q9idzftc39k/SDB-Peter-Gabriel.mp3?rlkey=h0txve38ov4qta6at3p4pd0oy&st=kgpaw70s&raw=1,./SDB/Same%20Damn%20Band%20-%20Original.mp3,,https://www.dropbox.com/scl/fi/r2eq3gnfp2q9idzftc39k/SDB-Peter-Gabriel.mp3?rlkey=h0txve38ov4qta6at3p4pd0oy&st=kgpaw70s&raw=1
74,SDB - Pink Floyd,In the style of…,Pink Floyd,Pink Floyd,Dreamy prog-rock?  Easy,I don't need to educate you n ths one.,Easy.  Like a brick.  Another brick.  ,https://www.dropbox.com/scl/fi/x1iqcpc4xyni4byjbzn74/SDB-Pink-Floyd.mp3?rlkey=azpjc6jmyul32uj2xkydcx2qm&st=pxnp6enc&raw=1,./SDB/Same%20Damn%20Band%20-%20Original.mp3,,https://www.dropbox.com/scl/fi/x1iqcpc4xyni4byjbzn74/SDB-Pink-Floyd.mp3?rlkey=azpjc6jmyul32uj2xkydcx2qm&st=pxnp6enc&raw=1
75,SDB - Prince,In the style of…,Prince,Prince,funky and slick.,This groove makes birds cry,What color IS that rain anyway?,https://www.dropbox.com/scl/fi/o6jd771wdjukcg9a71pn8/SDB-Prince.mp3?rlkey=sobjavmmxk60m2h6emytgmywn&st=wkdp6tu8&raw=1,./SDB/Same%20Damn%20Band%20-%20Original.mp3,,https://www.dropbox.com/scl/fi/o6jd771wdjukcg9a71pn8/SDB-Prince.mp3?rlkey=sobjavmmxk60m2h6emytgmywn&st=wkdp6tu8&raw=1
76,SDB - Queen,In the style of…,Queen,Queen,Theatrics for days.  ,This song is like a fantasy.,It rocks you.  I feel like it won.   A champion.,https://www.dropbox.com/scl/fi/ux6oyqo45fq42xcc13out/SDB-Queen.mp3?rlkey=8n6mmr8v1jawgsqpydj761su6&st=xc930f89&raw=1,./SDB/Same%20Damn%20Band%20-%20Original.mp3,,https://www.dropbox.com/scl/fi/ux6oyqo45fq42xcc13out/SDB-Queen.mp3?rlkey=8n6mmr8v1jawgsqpydj761su6&st=xc930f89&raw=1
77,SDB - Radiohead,In the style of…,Radiohead,Radiohead,Atmospherical-rock.  Moody and Experimental,Call the cops.   This karma is weird….,It's creepy really.   Weirdo.,https://www.dropbox.com/scl/fi/4e95ffu5473d3z45he4lg/SDB-Radiohead.mp3?rlkey=nsb5z6dsjrwtnt24er2uqkca4&st=0wbox3ch&raw=1,./SDB/Same%20Damn%20Band%20-%20Original.mp3,,https://www.dropbox.com/scl/fi/4e95ffu5473d3z45he4lg/SDB-Radiohead.mp3?rlkey=nsb5z6dsjrwtnt24er2uqkca4&st=0wbox3ch&raw=1
78,SDB - Red Hot Chili Peppers,In the style of…,Red Hot Chili Peppers,Red Hot Chili Peppers,Funky puk alt something.,California vibe.  Like it was under something.,I don't want to give it away,https://www.dropbox.com/scl/fi/e16v390qb1145eu0r2o89/SDB-Red-Hot-Chili-Peppers.mp3?rlkey=0magpyut5gw7rdalt540k9bnt&st=8zfrdv2e&raw=1,./SDB/Same%20Damn%20Band%20-%20Original.mp3,,https://www.dropbox.com/scl/fi/e16v390qb1145eu0r2o89/SDB-Red-Hot-Chili-Peppers.mp3?rlkey=0magpyut5gw7rdalt540k9bnt&st=8zfrdv2e&raw=1
79,SDB - REO Speedwagon,In the style of…,REO Speedwagon,REO Speedwagon,Radio ready arena rock.  ,I heard it from a friend that you won't get this,Don't fight the feeling.   Just move on.,https://www.dropbox.com/scl/fi/ndslr4picdb1k6w45kyqn/SDB-REO-Speedwagon.mp3?rlkey=z1r5pc088sxhgk1wdf6rafusp&st=2oin22ko&raw=1,./SDB/Same%20Damn%20Band%20-%20Original.mp3,,https://www.dropbox.com/scl/fi/ndslr4picdb1k6w45kyqn/SDB-REO-Speedwagon.mp3?rlkey=z1r5pc088sxhgk1wdf6rafusp&st=2oin22ko&raw=1
80,SDB - Richard Marx,In the style of…,Richard Marx,Richard Marx,I feel like it's 1988 all over again.,Can't figure it out?   It don't mean nothin',I'm right here!   Waiting.,https://www.dropbox.com/scl/fi/ug5vwmkwccb2at2d8hej7/SDB-Richard-Marx.mp3?rlkey=3hw1mougt4pydosrpsa2koq9x&st=vavsar6q&raw=1,./SDB/Same%20Damn%20Band%20-%20Original.mp3,,https://www.dropbox.com/scl/fi/ug5vwmkwccb2at2d8hej7/SDB-Richard-Marx.mp3?rlkey=3hw1mougt4pydosrpsa2koq9x&st=vavsar6q&raw=1
81,SDB - Robert Palmer,In the style of…,Robert Palmer,Robert Palmer,Sleek funky pop-rock.  If you are a real fan you know,Just face it….,"Simply, this song is irresistible.   ",https://www.dropbox.com/scl/fi/w5raq7813tmb8p5ge6pr3/SDB-Robert-Palmer.mp3?rlkey=cvj82q6rx1qik80riitnpgiw3&st=70ymbtim&raw=1,./SDB/Same%20Damn%20Band%20-%20Original.mp3,,https://www.dropbox.com/scl/fi/w5raq7813tmb8p5ge6pr3/SDB-Robert-Palmer.mp3?rlkey=cvj82q6rx1qik80riitnpgiw3&st=70ymbtim&raw=1
82,SDB - Rod Stewart,In the style of…,Rod Stewart,Rod Stewart,Blue-eyed soul with grit (Hard to mimic for AI),This song tells a story…doesn't it.,It's sexy really.  Do you think?,https://www.dropbox.com/scl/fi/6qp9ifub1b5ublpyt5xwt/SDB-Rod-Stewart.mp3?rlkey=53p81alv3c093cckalfy63e2k&st=nlfjraxv&raw=1,./SDB/Same%20Damn%20Band%20-%20Original.mp3,,https://www.dropbox.com/scl/fi/6qp9ifub1b5ublpyt5xwt/SDB-Rod-Stewart.mp3?rlkey=53p81alv3c093cckalfy63e2k&st=nlfjraxv&raw=1
83,SDB - The Rolling Stones,In the style of…,The Rolling Stones,The Rolling Stones,Blues Rock.   Wihtout the iconic voice. C'mon AI,But- you can't always get what you want,There is some satisfaction knowing it.  You can't.,https://www.dropbox.com/scl/fi/kwbj8uuujelk3g0jjtlz1/SDB-The-Rolling-Stones.mp3?rlkey=dpn2x9xe7nuqxpzzrrjviwkzc&st=izs2jdki&raw=1,./SDB/Same%20Damn%20Band%20-%20Original.mp3,,https://www.dropbox.com/scl/fi/kwbj8uuujelk3g0jjtlz1/SDB-The-Rolling-Stones.mp3?rlkey=dpn2x9xe7nuqxpzzrrjviwkzc&st=izs2jdki&raw=1
84,SDB - Rush,In the style of…,Rush,Rush,The guitars.  Yes.  The drums? Absolutely.  The voice? Nosomuch,That prog vibe is here.   But those drums.,Divide this up.  Subdivide it up.,https://www.dropbox.com/scl/fi/y5j1foqpdyvxvfq1n4h6w/SDB-Rush.mp3?rlkey=lmuj4jtjxajgb2irvo5m4zko0&st=eb483kt7&raw=1,./SDB/Same%20Damn%20Band%20-%20Original.mp3,,https://www.dropbox.com/scl/fi/y5j1foqpdyvxvfq1n4h6w/SDB-Rush.mp3?rlkey=lmuj4jtjxajgb2irvo5m4zko0&st=eb483kt7&raw=1
85,SDB - The Scorpions,In the style of…,The Scorpions,The Scorpions,Another big voice hard to mimic.  Arena ready.,"If you don't know, I'll still love you.",This song rocks like a big storm.  A really big storm.,https://www.dropbox.com/scl/fi/w6xybkpo6gyfifnd3c44o/SDB-The-Scorpions.mp3?rlkey=co2jh40oeb2eyemkm6ur6cfdc&st=p74z24qh&raw=1,./SDB/Same%20Damn%20Band%20-%20Original.mp3,,https://www.dropbox.com/scl/fi/w6xybkpo6gyfifnd3c44o/SDB-The-Scorpions.mp3?rlkey=co2jh40oeb2eyemkm6ur6cfdc&st=p74z24qh&raw=1
86,SDB - Smashing Pumpkins,In the style of…,Smashing Pumpkins,Smashing Pumpkins,Should get it in 2 seconds.   Seriously,Obvious.  Don't rage like a…...you know!,Today is the greatest.   You got it!,https://www.dropbox.com/scl/fi/9bcvli0a2s35p8rfizre6/SDB-Smashing-Pumpkins.mp3?rlkey=02qokhb47l25pl3o71r8jl58u&st=roh3iz01&raw=1,./SDB/Same%20Damn%20Band%20-%20Original.mp3,,https://www.dropbox.com/scl/fi/9bcvli0a2s35p8rfizre6/SDB-Smashing-Pumpkins.mp3?rlkey=02qokhb47l25pl3o71r8jl58u&st=roh3iz01&raw=1
87,SDB - Stevie Ray Vaughn,In the style of…,Stevie Ray Vaughn,Stevie Ray Vaughn,I can name this version in ONE NOTE!,Take some pride in getting this.  Share the joy!,Feels like a flood from home.   Texas home.,https://www.dropbox.com/scl/fi/7vqsx2w6ds26pu0k5kru0/SDB-Stevie-Ray-Vaughn.mp3?rlkey=9zko2j254ak6xgmr46l3lukl5&st=asbunkat&raw=1,./SDB/Same%20Damn%20Band%20-%20Original.mp3,,https://www.dropbox.com/scl/fi/7vqsx2w6ds26pu0k5kru0/SDB-Stevie-Ray-Vaughn.mp3?rlkey=9zko2j254ak6xgmr46l3lukl5&st=asbunkat&raw=1
88,SDB - Steve Miller Band,In the style of…,Steve Miller Band,Steve Miller Band,Smooth grooves in classic rock.  Tough though,What do people even CALL you?  ,Don't joke around.   I gave this to you.,https://www.dropbox.com/scl/fi/413whlv37v3l521y62rt5/SDB-Steve-Miller-Band.mp3?rlkey=itj96s6bj3zjq8sgkxacmqpui&st=s2f395zu&raw=1,./SDB/Same%20Damn%20Band%20-%20Original.mp3,,https://www.dropbox.com/scl/fi/413whlv37v3l521y62rt5/SDB-Steve-Miller-Band.mp3?rlkey=itj96s6bj3zjq8sgkxacmqpui&st=s2f395zu&raw=1
89,SDB - Stray Cats,In the style of…,Stray Cats,Stray Cats,Rockabilly punks.  ,It's a litter of them…,….strutting around to this.,https://www.dropbox.com/scl/fi/sl85s92fruevikhyks313/SDB-Stray-Cats.mp3?rlkey=3y2dm4gvu3tj8xreru2b8arkh&st=h0jxm94l&raw=1,./SDB/Same%20Damn%20Band%20-%20Original.mp3,,https://www.dropbox.com/scl/fi/sl85s92fruevikhyks313/SDB-Stray-Cats.mp3?rlkey=3y2dm4gvu3tj8xreru2b8arkh&st=h0jxm94l&raw=1
90,SDB - Styx,In the style of…,Styx,Styx,Progressive-arena-theater-melodic…,"So much theatrics, it feels like Paradise.",Just sail away…..if you don't know.,https://www.dropbox.com/scl/fi/9fkisiuaf6unlgiaya49v/SDB-Styx.mp3?rlkey=yfp9xww97oaqhx4ig0fuhkis0&st=9jnlmh27&raw=1,./SDB/Same%20Damn%20Band%20-%20Original.mp3,,https://www.dropbox.com/scl/fi/9fkisiuaf6unlgiaya49v/SDB-Styx.mp3?rlkey=yfp9xww97oaqhx4ig0fuhkis0&st=9jnlmh27&raw=1
91,SDB - Talking Heads,In the style of…,Talking Heads,Talking Heads,AI missed.   But let's break it down.   Art rock.,New wave and quirky.   Very quirky.,This is not my beautiful song.  Not my beautiful wife.,https://www.dropbox.com/scl/fi/zuf96479zt1wl1vxv5vm2/SDB-Talking-Heads.mp3?rlkey=nz6eqjbopsfp0juzuy9ssas8i&st=e76yuc8o&raw=1,./SDB/Same%20Damn%20Band%20-%20Original.mp3,,https://www.dropbox.com/scl/fi/zuf96479zt1wl1vxv5vm2/SDB-Talking-Heads.mp3?rlkey=nz6eqjbopsfp0juzuy9ssas8i&st=e76yuc8o&raw=1
92,SDB - The Cars,In the style of…,The Cars,The Cars,Real fans hear the 80s new-wave meet rock sound,Someone should tell you when it 's too late,It'll be just what you needed.,https://www.dropbox.com/scl/fi/55pn0vnbqc5ukxkqnvfut/SDB-The-Cars.mp3?rlkey=uujwk84m5qa35znrnsz67h0th&st=8sil2miq&raw=1,./SDB/Same%20Damn%20Band%20-%20Original.mp3,,https://www.dropbox.com/scl/fi/55pn0vnbqc5ukxkqnvfut/SDB-The-Cars.mp3?rlkey=uujwk84m5qa35znrnsz67h0th&st=8sil2miq&raw=1
93,SDB - The Cure,In the style of…,The Cure,The Cure,This band is too quirky for AI.  A miss,"Monday, Tuesday, Wednesday….it's wrong on everyday",It's not like heaven at all.   Nobody would get this,https://www.dropbox.com/scl/fi/1f1skzrruxi01fnquu1s7/SDB-The-Cure.mp3?rlkey=8qp9plpwwuqmip6hd2s3tggr0&st=e8p8awyq&raw=1,./SDB/Same%20Damn%20Band%20-%20Original.mp3,,https://www.dropbox.com/scl/fi/1f1skzrruxi01fnquu1s7/SDB-The-Cure.mp3?rlkey=8qp9plpwwuqmip6hd2s3tggr0&st=e8p8awyq&raw=1
94,SDB - The Police,In the style of…,The Police,The Police,Who put reggae in my 80s rock??,Turn on the red light and ask her for the answer.,Take a breath.  Make a move.  Every one of them.,https://www.dropbox.com/scl/fi/6zmtgknytqrckay124l4o/SDB-The-Police.mp3?rlkey=o1d5hnnqjvwj8v97oiwzrpdkw&st=m2b0ndu0&raw=1,./SDB/Same%20Damn%20Band%20-%20Original.mp3,,https://www.dropbox.com/scl/fi/6zmtgknytqrckay124l4o/SDB-The-Police.mp3?rlkey=o1d5hnnqjvwj8v97oiwzrpdkw&st=m2b0ndu0&raw=1
95,SDB - The Ramones,In the style of…,The Ramones,The Ramones,Speed punk.   Lots of it.,24 hours of this would make me want to…..,….be sedated.   Hey!  Ho!  Let's go!,https://www.dropbox.com/scl/fi/j8x1i8uzdmd2w00se6p4s/SDB-The-Ramones.mp3?rlkey=dhfupziuoo7vf8x8zs1uyjgmg&st=hh52q8cu&raw=1,./SDB/Same%20Damn%20Band%20-%20Original.mp3,,https://www.dropbox.com/scl/fi/j8x1i8uzdmd2w00se6p4s/SDB-The-Ramones.mp3?rlkey=dhfupziuoo7vf8x8zs1uyjgmg&st=hh52q8cu&raw=1
96,SDB - Steely Dan,In the style of…,Steely Dan,Steely Dan,Jazzy!  Sweet and smooth,See that cow?  Get it outta here.,This sounded great even years ago.  When I was reelin' them in.,https://www.dropbox.com/scl/fi/7z7823j3px3s01udkktrr/SDB-Steely-Dan.mp3?rlkey=opmgjd372q1kd29w8nudwewvq&st=ltdvmgwg&raw=1,./SDB/Same%20Damn%20Band%20-%20Original.mp3,,https://www.dropbox.com/scl/fi/7z7823j3px3s01udkktrr/SDB-Steely-Dan.mp3?rlkey=opmgjd372q1kd29w8nudwewvq&st=ltdvmgwg&raw=1
97,SDB - The Who,In the style of…,The Who,The Who,British rock.  At least it was supposed to be,This song won't fool me.   Not again,Soundtrack for a pinball game really.,https://www.dropbox.com/scl/fi/sgzs1mhard0f7ufswnqzs/SDB-The-Who.mp3?rlkey=qo1p5nvecpb94i9si0o2nf4b1&st=w139wthf&raw=1,./SDB/Same%20Damn%20Band%20-%20Original.mp3,,https://www.dropbox.com/scl/fi/sgzs1mhard0f7ufswnqzs/SDB-The-Who.mp3?rlkey=qo1p5nvecpb94i9si0o2nf4b1&st=w139wthf&raw=1
98,SDB - Tom Petty and the Heartbreakers,In the style of…,Tom Petty & The Heartbreakers,Tom Petty & The Heartbreakers,Jangly guitars.  Laid Back.  The VIBE,You don't know ho w it feels…. To be me.,Feels like I'm falling.  But I'm free.  ,https://www.dropbox.com/scl/fi/1dz21gowyo11p46qtompg/SDB-Tom-Petty-and-the-Heartbreakers.mp3?rlkey=00qt2cbk2bdywc0fveahy7hfp&st=8kghc3qb&raw=1,./SDB/Same%20Damn%20Band%20-%20Original.mp3,,https://www.dropbox.com/scl/fi/1dz21gowyo11p46qtompg/SDB-Tom-Petty-and-the-Heartbreakers.mp3?rlkey=00qt2cbk2bdywc0fveahy7hfp&st=8kghc3qb&raw=1
99,SDB - U2,In the style of…,U2,U2,Spiritual anthemic stadium echos,"That guitar has some edge to it, doesn't it?",Have you found what you are looking for?,https://www.dropbox.com/scl/fi/83zxortfu179rt5m2ikxy/SDB-U2.mp3?rlkey=07vey9wg8bhndskn93eya3zzi&st=gfuzjqto&raw=1,./SDB/Same%20Damn%20Band%20-%20Original.mp3,,https://www.dropbox.com/scl/fi/83zxortfu179rt5m2ikxy/SDB-U2.mp3?rlkey=07vey9wg8bhndskn93eya3zzi&st=gfuzjqto&raw=1
100,SDB - Van Halen (Sammy Hagar era),In the style of…,Van Halen (Sammy Hagar era),Van Halen (Sammy Hagar era),Polished.  But full-throttle energy,Guitar sound is what Dreams are made of,"Right now, this could be love.",https://www.dropbox.com/scl/fi/z2zpk6ijedhvg95z6t6cz/SDB-Van-Halen-Sammy-Hagar-era.mp3?rlkey=rj6o13x9ga9iq43b4u02p8vx3&st=qzw3lkhw&raw=1,./SDB/Same%20Damn%20Band%20-%20Original.mp3,,https://www.dropbox.com/scl/fi/z2zpk6ijedhvg95z6t6cz/SDB-Van-Halen-Sammy-Hagar-era.mp3?rlkey=rj6o13x9ga9iq43b4u02p8vx3&st=qzw3lkhw&raw=1
101,SDB - The Village People,In the style of…,The Village People,The Village People,Disco mania!  ,This has everything for me to enjoy!,whY aM i Caring At all,https://www.dropbox.com/scl/fi/9b45mntk5akvjqlsdk09y/SDB-The-Village-People.mp3?rlkey=tfcfeev404f01553rlzgqxx9l&st=ft68rzd0&raw=1,./SDB/Same%20Damn%20Band%20-%20Original.mp3,,https://www.dropbox.com/scl/fi/9b45mntk5akvjqlsdk09y/SDB-The-Village-People.mp3?rlkey=tfcfeev404f01553rlzgqxx9l&st=ft68rzd0&raw=1
102,SDB - Whitesnake,In the style of…,Whitesnake,Whitesnake,AI doesn't get big voices right often - but it did on this!,In the night - this is very still.,Here I go again!  Giving it away!,https://www.dropbox.com/scl/fi/5fy3bq7keeaucgx56lpwq/SDB-Whitesnake.mp3?rlkey=h6otmtryb6efh6iadzcz9e24m&st=5v0sfvjp&raw=1,./SDB/Same%20Damn%20Band%20-%20Original.mp3,,https://www.dropbox.com/scl/fi/5fy3bq7keeaucgx56lpwq/SDB-Whitesnake.mp3?rlkey=h6otmtryb6efh6iadzcz9e24m&st=5v0sfvjp&raw=1
103,SDB - ZZ Top,In the style of…,ZZ Top,ZZ Top,This song sounds dusty.,It's got some legs on it though,And it's dressed up.   SHARP!,https://www.dropbox.com/scl/fi/z77gvdfxco5wdus1z7y6k/SDB-ZZ-Top.mp3?rlkey=xrne14xq5cmsem93k5dvcgtj7&st=hks50x66&raw=1,./SDB/Same%20Damn%20Band%20-%20Original.mp3,,https://www.dropbox.com/scl/fi/z77gvdfxco5wdus1z7y6k/SDB-ZZ-Top.mp3?rlkey=xrne14xq5cmsem93k5dvcgtj7&st=hks50x66&raw=1
